image,label
969905576s191ms.jpg,path
969905578s193ms.jpg,path
969905579s194ms.jpg,path
969905577s192ms.jpg,path
969905585s166ms.jpg,path
969905580s195ms.jpg,path
969905591s172ms.jpg,path
969905586s167ms.jpg,path
969905590s171ms.jpg,path
969905589s170ms.jpg,path
969905587s168ms.jpg,path
969905588s169ms.jpg,path
969905593s174ms.jpg,path
969905595s176ms.jpg,path
969905594s175ms.jpg,path
969905597s178ms.jpg,path
969905592s173ms.jpg,path
969905596s177ms.jpg,path
969905598s179ms.jpg,path
969905599s180ms.jpg,path
969906363s664ms.jpg,path
969906362s663ms.jpg,path
969906365s666ms.jpg,path
969906361s662ms.jpg,path
969906364s665ms.jpg,path
969906360s661ms.jpg,path
969906367s668ms.jpg,path
969906371s672ms.jpg,path
969906370s671ms.jpg,path
969906366s667ms.jpg,path
969906368s669ms.jpg,path
969906369s670ms.jpg,path
969906372s673ms.jpg,path
969906375s676ms.jpg,path
969906376s677ms.jpg,path
969906373s674ms.jpg,path
969906377s678ms.jpg,path
969906374s675ms.jpg,path
969906380s681ms.jpg,path
969906381s682ms.jpg,path
969906379s680ms.jpg,path
969906378s679ms.jpg,path
969906382s649ms.jpg,path
969906388s655ms.jpg,path
969906385s652ms.jpg,path
969906384s651ms.jpg,path
969906387s654ms.jpg,path
969906386s653ms.jpg,path
969906383s650ms.jpg,path
969906394s661ms.jpg,path
969906393s660ms.jpg,path
969906392s659ms.jpg,path
969906390s657ms.jpg,path
969906389s656ms.jpg,path
969906391s658ms.jpg,path
969906395s662ms.jpg,path
969906398s665ms.jpg,path
969906396s663ms.jpg,path
969906397s664ms.jpg,path
969906399s666ms.jpg,path
969906462s662ms.jpg,path
969906460s660ms.jpg,path
969906461s661ms.jpg,path
969906463s663ms.jpg,path
969906465s665ms.jpg,path
969906466s666ms.jpg,path
969906468s668ms.jpg,path
969906464s664ms.jpg,path
969906469s669ms.jpg,path
969906467s667ms.jpg,path
969906471s671ms.jpg,path
969906470s670ms.jpg,path
969906473s673ms.jpg,path
969906472s672ms.jpg,path
969906474s674ms.jpg,path
969906475s675ms.jpg,path
969906478s678ms.jpg,path
969906481s681ms.jpg,path
969906476s676ms.jpg,path
969906480s680ms.jpg,path
969906479s679ms.jpg,path
969906477s677ms.jpg,path
969906482s649ms.jpg,path
969906485s652ms.jpg,path
969906486s653ms.jpg,path
969906483s650ms.jpg,path
969906484s651ms.jpg,path
969906493s660ms.jpg,path
969906490s657ms.jpg,path
969906487s654ms.jpg,path
969906489s656ms.jpg,path
969906492s659ms.jpg,path
969906488s655ms.jpg,path
969906491s658ms.jpg,path
969906499s666ms.jpg,path
969906497s664ms.jpg,path
969906494s661ms.jpg,path
969906495s662ms.jpg,path
969906496s663ms.jpg,path
969906498s665ms.jpg,path
970588614s267ms.jpg,path
970588612s265ms.jpg,path
970588610s263ms.jpg,path
970588606s259ms.jpg,path
970588603s256ms.jpg,path
970588600s253ms.jpg,path
970588595s248ms.jpg,path
970588593s246ms.jpg,path
970588589s242ms.jpg,path
970588586s272ms.jpg,path
970588578s264ms.jpg,path
970588575s262ms.jpg,path
970588571s257ms.jpg,path
970588565s252ms.jpg,path
970588562s249ms.jpg,path
970588555s242ms.jpg,path
970588541s261ms.jpg,path
970588539s259ms.jpg,path
970588520s273ms.jpg,path
970588518s271ms.jpg,path
970588514s267ms.jpg,path
970588486s273ms.jpg,path
970588470s257ms.jpg,path
970588467s254ms.jpg,path
970588451s271ms.jpg,path
970588415s268ms.jpg,path
970588403s256ms.jpg,path
970588394s247ms.jpg,path
970588392s245ms.jpg,path
970588388s241ms.jpg,path
970588383s270ms.jpg,path
970588377s264ms.jpg,path
970588370s257ms.jpg,path
970588367s254ms.jpg,path
970588361s248ms.jpg,path
970588354s241ms.jpg,path
970588342s262ms.jpg,path
970588333s253ms.jpg,path
970588315s268ms.jpg,path
970588312s265ms.jpg,path
970588305s258ms.jpg,path
970588244s264ms.jpg,path
970588221s241ms.jpg,path
970588172s259ms.jpg,path
970588129s249ms.jpg,path
970588114s268ms.jpg,path
970588109s263ms.jpg,path
970588103s257ms.jpg,path
970588097s251ms.jpg,path
970588095s249ms.jpg,path
970330451s177ms.jpg,path
970330436s196ms.jpg,path
970330452s178ms.jpg,path
970330403s196ms.jpg,path
970330420s180ms.jpg,path
970330419s179ms.jpg,path
970330402s195ms.jpg,path
970330386s179ms.jpg,path
970330387s180ms.jpg,path
970330372s198ms.jpg,path
970330356s182ms.jpg,path
970330357s183ms.jpg,path
970330323s183ms.jpg,path
970330207s200ms.jpg,path
970330194s187ms.jpg,path
970330188s181ms.jpg,path
970330211s171ms.jpg,path
970330210s170ms.jpg,path
970330213s173ms.jpg,path
970330195s188ms.jpg,path
970330208s201ms.jpg,path
970330190s183ms.jpg,path
970330435s195ms.jpg,path
970330018s178ms.jpg,path
970330193s186ms.jpg,path
970330020s180ms.jpg,path
970330205s198ms.jpg,path
970330019s179ms.jpg,path
970330340s200ms.jpg,path
970330324s184ms.jpg,path
970330015s175ms.jpg,path
970330307s200ms.jpg,path
970330209s202ms.jpg,path
970330214s174ms.jpg,path
970330234s194ms.jpg,path
970330196s189ms.jpg,path
970330235s195ms.jpg,path
970330192s185ms.jpg,path
970330022s182ms.jpg,path
970330250s176ms.jpg,path
970330016s176ms.jpg,path
970330206s199ms.jpg,path
970330023s183ms.jpg,path
970330308s201ms.jpg,path
970330191s184ms.jpg,path
970330215s175ms.jpg,path
970330212s172ms.jpg,path
970330198s191ms.jpg,path
970330189s182ms.jpg,path
970330024s184ms.jpg,path
970330199s192ms.jpg,path
970330017s177ms.jpg,path
970330339s199ms.jpg,path
970330021s181ms.jpg,path
970330373s199ms.jpg,path
970330251s178ms.jpg,path
969832408s670ms.jpg,path
969832406s668ms.jpg,path
969832404s666ms.jpg,path
969832394s656ms.jpg,path
969832391s653ms.jpg,path
969832388s650ms.jpg,path
969832385s647ms.jpg,path
969832384s646ms.jpg,path
969832382s644ms.jpg,path
969832381s643ms.jpg,path
969832378s640ms.jpg,path
969832375s671ms.jpg,path
969832371s667ms.jpg,path
969832366s662ms.jpg,path
969832333s662ms.jpg,path
969830849s210ms.jpg,path
969830847s208ms.jpg,path
969830830s191ms.jpg,path
969830825s219ms.jpg,path
969830824s218ms.jpg,path
969830817s211ms.jpg,path
969830816s210ms.jpg,path
964868640s726ms.jpg,path
964868643s729ms.jpg,path
964868644s697ms.jpg,path
964868647s700ms.jpg,path
964868659s712ms.jpg,path
964868620s706ms.jpg,path
964868624s710ms.jpg,path
964868626s712ms.jpg,path
964868629s715ms.jpg,path
964868632s718ms.jpg,path
964868665s718ms.jpg,path
964868667s720ms.jpg,path
964868674s727ms.jpg,path
964868677s730ms.jpg,path
964868680s699ms.jpg,path
964868683s702ms.jpg,path
964868696s715ms.jpg,path
964868710s729ms.jpg,path
964868717s703ms.jpg,path
964868724s710ms.jpg,path
964868727s713ms.jpg,path
964868730s716ms.jpg,path
964868743s729ms.jpg,path
964868748s700ms.jpg,path
964868751s703ms.jpg,path
964868755s707ms.jpg,path
964868758s710ms.jpg,path
964868760s712ms.jpg,path
969901730s242ms.jpg,before_path
969901731s243ms.jpg,before_path
969901732s244ms.jpg,before_path
969901733s245ms.jpg,before_path
969901734s246ms.jpg,before_path
969901736s248ms.jpg,before_path
969901735s247ms.jpg,before_path
969901737s249ms.jpg,before_path
969901738s250ms.jpg,before_path
969901739s251ms.jpg,before_path
969901740s252ms.jpg,before_path
969901741s253ms.jpg,before_path
969901742s254ms.jpg,before_path
969901743s255ms.jpg,before_path
969901744s256ms.jpg,before_path
969901745s257ms.jpg,before_path
969901747s226ms.jpg,before_path
969901746s258ms.jpg,before_path
969901748s227ms.jpg,before_path
969901749s228ms.jpg,before_path
969901750s229ms.jpg,before_path
969901751s230ms.jpg,before_path
969901752s231ms.jpg,before_path
969901753s232ms.jpg,before_path
969901754s233ms.jpg,before_path
969901755s234ms.jpg,before_path
969901756s235ms.jpg,before_path
969901757s236ms.jpg,before_path
969901758s237ms.jpg,before_path
969901759s238ms.jpg,before_path
969901760s239ms.jpg,before_path
969901761s240ms.jpg,before_path
969901762s241ms.jpg,before_path
969901763s242ms.jpg,before_path
970588629s249ms.jpg,before_path
970588628s248ms.jpg,before_path
970588627s247ms.jpg,before_path
970588626s246ms.jpg,before_path
970588625s245ms.jpg,before_path
970588624s244ms.jpg,before_path
970588623s243ms.jpg,before_path
970588621s241ms.jpg,before_path
970588620s273ms.jpg,before_path
970588619s272ms.jpg,before_path
970325257s797ms.jpg,before_path
970325282s789ms.jpg,before_path
970325281s788ms.jpg,before_path
970325280s787ms.jpg,before_path
970325279s786ms.jpg,before_path
970325278s785ms.jpg,before_path
970325276s783ms.jpg,before_path
970325275s782ms.jpg,before_path
970325273s813ms.jpg,before_path
970325274s781ms.jpg,before_path
970325271s811ms.jpg,before_path
970325272s812ms.jpg,before_path
970325269s809ms.jpg,before_path
970325268s808ms.jpg,before_path
970325270s810ms.jpg,before_path
970325267s807ms.jpg,before_path
970325260s800ms.jpg,before_path
970325264s804ms.jpg,before_path
970325262s802ms.jpg,before_path
970325266s806ms.jpg,before_path
970325259s799ms.jpg,before_path
970325263s803ms.jpg,before_path
970325258s798ms.jpg,before_path
970325265s805ms.jpg,before_path
970325261s801ms.jpg,before_path
970325277s784ms.jpg,before_path
964868534s720ms.jpg,before_path
964868535s721ms.jpg,before_path
964868536s722ms.jpg,before_path
964868537s723ms.jpg,before_path
964868538s724ms.jpg,before_path
970588618s271ms.jpg,before_path
970586258s96ms.jpg,before_path
970586259s97ms.jpg,before_path
970586261s99ms.jpg,before_path
970586264s102ms.jpg,before_path
970330407s200ms.jpg,sunlight
970330351s177ms.jpg,sunlight
970329055s697ms.jpg,sunlight
970329150s692ms.jpg,sunlight
970329039s715ms.jpg,sunlight
970326755s793ms.jpg,sunlight
970326524s796ms.jpg,sunlight
970326521s793ms.jpg,sunlight
970326492s797ms.jpg,sunlight
970326496s801ms.jpg,sunlight
970326484s789ms.jpg,sunlight
970326455s794ms.jpg,sunlight
970326481s786ms.jpg,sunlight
970326281s787ms.jpg,sunlight
970326100s806ms.jpg,sunlight
970325957s796ms.jpg,sunlight
970325955s794ms.jpg,sunlight
970325947s786ms.jpg,sunlight
970325903s809ms.jpg,sunlight
970328196s218ms.jpg,sunlight
970327295s218ms.jpg,sunlight
970327181s204ms.jpg,sunlight
970327182s205ms.jpg,sunlight
970327829s218ms.jpg,sunlight
970327593s216ms.jpg,sunlight
970327560s216ms.jpg,sunlight
970327561s217ms.jpg,sunlight
970327485s208ms.jpg,sunlight
970327481s204ms.jpg,sunlight
970328495s704ms.jpg,sunlight
970328380s690ms.jpg,sunlight
970328324s700ms.jpg,sunlight
970328322s698ms.jpg,sunlight
970329396s705ms.jpg,sunlight
970328316s692ms.jpg,sunlight
970328407s717ms.jpg,sunlight
970328392s702ms.jpg,sunlight
970328391s701ms.jpg,sunlight
970328388s698ms.jpg,sunlight
970328389s699ms.jpg,sunlight
970328291s701ms.jpg,sunlight
970329132s707ms.jpg,sunlight
970329133s708ms.jpg,sunlight
970328802s711ms.jpg,sunlight
970330106s199ms.jpg,sunlight
970330082s175ms.jpg,sunlight
970330093s186ms.jpg,sunlight
970588105s259ms.jpg,sunlight
970588126s246ms.jpg,sunlight
970588127s247ms.jpg,sunlight
970588133s253ms.jpg,sunlight
970588140s260ms.jpg,sunlight
970588164s251ms.jpg,sunlight
970588261s248ms.jpg,sunlight
970588280s267ms.jpg,sunlight
970588281s268ms.jpg,sunlight
970588365s252ms.jpg,sunlight
970588402s255ms.jpg,sunlight
970588561s247ms.jpg,sunlight
970588608s261ms.jpg,sunlight
970586320s91ms.jpg,sunlight
970586324s95ms.jpg,sunlight
970586326s97ms.jpg,sunlight
970586329s100ms.jpg,sunlight
970586345s83ms.jpg,sunlight
970586351s89ms.jpg,sunlight
970586404s109ms.jpg,sunlight
970586500s104ms.jpg,sunlight
970586508s112ms.jpg,sunlight
970586538s109ms.jpg,sunlight
970586643s81ms.jpg,sunlight
970586682s86ms.jpg,sunlight
970587064s101ms.jpg,sunlight
969903151s228ms.jpg,trees
969903150s227ms.jpg,trees
969903395s692ms.jpg,trees
969903409s706ms.jpg,trees
969903410s707ms.jpg,trees
969903411s708ms.jpg,trees
969903483s680ms.jpg,trees
969903383s680ms.jpg,trees
969903077s254ms.jpg,trees
969903074s251ms.jpg,trees
969903157s234ms.jpg,trees
969903140s251ms.jpg,trees
969903106s250ms.jpg,trees
969903294s691ms.jpg,trees
969903293s690ms.jpg,trees
969903271s702ms.jpg,trees
969903272s703ms.jpg,trees
969903258s689ms.jpg,trees
969903257s688ms.jpg,trees
969903222s233ms.jpg,trees
969903200s244ms.jpg,trees
969903394s691ms.jpg,trees
969903392s689ms.jpg,trees
969903393s690ms.jpg,trees
969903391s688ms.jpg,trees
969903361s692ms.jpg,trees
969903423s687ms.jpg,trees
969830846s207ms.jpg,trees
969830815s209ms.jpg,trees
970327260s217ms.jpg,trees
970326924s214ms.jpg,trees
970326923s213ms.jpg,trees
964869179s698ms.jpg,trees
964869182s701ms.jpg,trees
964869183s702ms.jpg,trees
964869220s705ms.jpg,trees
964869221s706ms.jpg,trees
964869231s716ms.jpg,trees
964869347s699ms.jpg,trees
964869408s726ms.jpg,trees
964869502s720ms.jpg,trees
964869519s704ms.jpg,trees
964869546s698ms.jpg,trees
964869550s702ms.jpg,trees
964869570s722ms.jpg,trees
964869584s702ms.jpg,trees
964869661s713ms.jpg,trees
964869692s710ms.jpg,trees
964869720s705ms.jpg,trees
964869910s728ms.jpg,trees
964870021s706ms.jpg,trees
